名字,链接
Python 基础教程,https://www.runoob.com/python/python-tutorial.html
Python 简介,https://www.runoob.com/python/python-intro.html
Python 环境搭建,https://www.runoob.com/python/python-install.html
Python 中文编码,https://www.runoob.compython-chinese-encoding.html
Python 基础语法,https://www.runoob.com/python/python-basic-syntax.html
Python 变量类型,https://www.runoob.com/python/python-variable-types.html
Python 运算符,https://www.runoob.com/python/python-operators.html
Python 条件语句,https://www.runoob.com/python/python-if-statement.html
Python 循环语句,https://www.runoob.com/python/python-loops.html
Python While 循环语句,https://www.runoob.com/python/python-while-loop.html
Python for 循环语句,https://www.runoob.com/python/python-for-loop.html
Python 循环嵌套,https://www.runoob.com/python/python-nested-loops.html
Python break 语句,https://www.runoob.com/python/python-break-statement.html
Python continue  语句,https://www.runoob.com/python/python-continue-statement.html
Python pass 语句,https://www.runoob.com/python/python-pass-statement.html
Python Number(数字),https://www.runoob.com/python/python-numbers.html
Python 字符串,https://www.runoob.com/python/python-strings.html
Python 列表(List),https://www.runoob.com/python/python-lists.html
Python 元组,https://www.runoob.com/python/python-tuples.html
Python 字典(Dictionary),https://www.runoob.com/python/python-dictionary.html
Python 日期和时间,https://www.runoob.com/python/python-date-time.html
Python 函数,https://www.runoob.com/python/python-functions.html
Python 模块,https://www.runoob.com/python/python-modules.html
Python 文件I/O,https://www.runoob.com/python/python-files-io.html
Python File 方法,https://www.runoob.comfile-methods.html
Python 异常处理,https://www.runoob.com/python/python-exceptions.html
Python OS 文件/目录方法,https://www.runoob.comos-file-methods.html
Python 内置函数,https://www.runoob.compython-built-in-functions.html
Python 面向对象,https://www.runoob.com/python/python-object.html
Python 正则表达式,https://www.runoob.com/python/python-reg-expressions.html
Python CGI 编程,https://www.runoob.com/python/python-cgi.html
Python 操作 MySQL 数据库,https://www.runoob.com/python/python-mysql.html
Python 网络编程,https://www.runoob.compython-socket.html
Python SMTP发送邮件,https://www.runoob.com/python/python-email.html
Python 多线程,https://www.runoob.com/python/python-multithreading.html
Python XML 解析,https://www.runoob.com/python/python-xml.html
Python GUI 编程(Tkinter),https://www.runoob.com/python/python-gui-tkinter.html
Python2.x 与 3​​.x 版本区别,https://www.runoob.com/python/python-2x-3x.html
Python IDE,https://www.runoob.com/python/python-ide.html
Python JSON,https://www.runoob.com/python/python-json.html
Python 100例,https://www.runoob.com/python/python-100-examples.html
Python 测验,https://www.runoob.com/quiz/python-quiz.html
